X,Y,LED1,LED2,LED3,LED4
3.79487080671037,0.279241606344116,-0.677345582373564,0.290614637304356,0.224578757601719,-0.514496887884638
4.96671381920754,0.691081712835872,-0.30453481247153,0.187422912862116,-0.338546961806095,0.538361931223543
1.78352874962283,4.3153248936269,-0.024702053980391,0.105414891142543,0.198619373301039,-0.304596651200954
3.76428920551505,2.10873241274718,-0.0145624570607564,-0.0108019552709403,1.1973460742632,-0.447783156239196
0.550242485563333,2.05657087268943,0.150474778477532,0.0581267039758846,-0.41880538908348,-0.689748267702746
2.98522614807202,4.79570670284324,0.647896977223528,-0.0140137230094725,0.326255970144153,-0.73486390619102
2.15297600160302,3.75122646486521,-0.664695205040796,0.0920606526457183,-0.387404239523929,0.0925216214868806
3.65359008660795,4.90498557129843,0.123606856491198,0.115058647795117,-0.546514816773977,-0.123571107090088
1.30588085285627,1.16757902812873,0.53789809290456,-0.245905840889582,-0.640476645082282,0.32009894497129
0.47403840791782,0.481133806041455,0.00832245441121085,-0.11296820445409,0.158551305772974,-0.0987901428966971
2.25481744645586,1.9229109960945,-0.316573348619967,-0.0833713678455009,-0.0806051600838047,-0.164128652964414
3.20037255133871,2.50136275471264,-0.143984931054337,-0.169956308155947,0.327060716676248,-0.886058375304153
0.660194086844079,2.85127934436203,0.141753426430379,-0.221038751336566,-0.20575269817931,-0.448320704081469
2.26411214912026,4.88315798371107,0.0384506521607699,0.135834813148002,-0.674326648215986,0.00445232193458466
3.26099799474072,2.4642759050756,-0.6465288913415,0.0279814781735822,-0.178554913351581,-0.249158886311455
4.13499165779032,2.00441433195998,0.203997434458794,-0.229967427681507,-0.054165839947485,0.580574334218562
1.54038454210106,4.97495130910149,-0.021357911237747,-0.227359912050588,0.172409894635489,-0.961690008172263
2.01181789502527,1.30499004172621,0.600075166775087,-0.0113637409164426,-0.670428258472007,-0.154957807668278
4.42115658023224,3.3266235537008,-0.484674793330365,-0.193541913013639,-0.977748687309002,0.148824877446322
3.50289755027571,4.82128308084759,-0.352779450106103,-0.273933607031912,0.102091438858833,-0.31606627902198
1.20936147573794,3.35575518189203,-0.692705309499673,-0.0471597297241723,-0.483349880155895,-0.00656185850128985
3.79915907859794,1.49587428217207,-0.100261849899065,-0.219340277557717,0.00671696591549603,0.760651911223925
1.45462868596715,2.65563263407661,0.252842670264386,0.0705141304828161,0.1493583917594,-0.579566593075525
1.38719359477746,0.00731587586211502,-0.208138185938433,0.291181323030471,-0.100662307716552,-0.243260997449852
0.0305390151329948,4.41894404701134,-0.281343613662258,-0.328868191540606,-0.0407762401393667,-0.767054422430754
1.87355570572779,2.02191928653884,-0.171069563033542,0.058390206417637,0.4574424629363,0.29583315985709
2.18466390365994,1.50602793256736,-0.12078816011498,-0.0118087521079321,0.412375116734616,-0.658033797047751
1.52149234420839,4.75290795704225,0.242252385592879,-0.180144469652034,-0.115935106138065,-0.481539716016681
1.4543016530452,2.30324096603108,-0.0662635271068464,0.0826052745453146,-0.362239569488891,0.637001475265046
1.212581544425,1.43823755520865,0.0357512652051857,-0.223341564661406,-0.675441517318866,0.337759870743257
4.68341805011167,0.423133192881907,0.110274817690061,-0.388614794621543,0.153096285218855,-0.43911447144941
4.30095120413518,2.91090667584257,-0.569553455635819,-0.263972325197898,1.00259516495122,0.511012679722086
1.98614130218918,0.765343487215463,0.166067858227012,0.0119437143416156,0.399763630750049,-0.392414272620293
2.39709552179308,0.365471530847453,-0.149668940474346,-0.0160468844457185,0.0189283734228285,-0.0160621939864877
2.8249804654743,2.90282388415423,0.62653830914316,0.0852860051853965,-0.622944364862585,0.868817832848873
2.44809694773273,1.43507376198555,-0.298541360213375,-0.00132416725415246,-0.663567170217128,1.0483710590402
1.34905816336908,1.80960042200582,0.12837734573051,0.126739894645649,-0.360373361617578,-0.284481350189433
4.94870071031108,3.62412346910078,-0.0675947312011031,-0.407468773941597,-1.8838851984898,0.0136054208692059
0.91837848133062,4.2915583906292,-0.471126056560673,0.257145061109771,0.080225924484345,0.448229387320296
4.30828362462011,1.73957843333528,0.193237795866456,-0.141585326439289,0.628272143902693,0.245331990640138
0.163162860532281,4.80872802662933,-0.862496104706527,-0.0688691808208717,-0.0667733781010593,-0.182707902174308
1.65979009793326,4.76784525783358,-0.767067589550072,0.121661310026373,-0.272593065742116,-0.160359791921955
3.74373497891479,1.03018688415179,-0.545782996389178,-0.192399385006256,2.11657469780435,-0.448769701701425
3.22183229090822,3.84122429535388,0.338382522958961,-0.03662793462072,-0.313394458464874,-1.0199703724947
0.846189813258323,3.07765939920268,0.241108889512011,-0.353079433409691,-0.390287244364461,-0.142146740224824
4.76102550361217,4.59461243726159,-0.533495873192389,-0.230724141123328,0.324277521745914,-0.552625240290364
2.71635117696125,3.01268630604747,-0.161652373916205,0.0763742370611629,-0.102207900534336,-0.147343976722465
1.2570673807791,3.51069114152301,-0.351549191496004,-0.252791481645194,-0.416261183427294,1.15476133299189
2.89286154926806,3.71837477602044,-0.0250032772526868,0.154314490062085,0.296402105511317,0.0253642902671188
4.57738299516686,1.92551138392031,0.608762811476219,-0.161297003560999,-0.265156780502784,0.691898790513879
4.47798263072198,1.2575189458747,-0.402534122112588,0.00240544619965427,0.931046780986193,-0.607916367628687
2.4125330869002,0.183798687129245,0.57887659500329,-0.273363185947299,-0.388929259578816,0.559449304246619
2.21369988881868,2.36061437123683,-0.247296042424888,0.0457463127870431,-0.384280539100722,-0.881567835793989
1.55877476124154,3.22536164217697,-0.318103983797435,-0.0472047344696048,-0.411566542219724,-0.196387585834134
0.276568859908338,1.39484970201023,0.204232104448127,0.123258933385606,0.0538753640801911,0.0732144639485028
3.76895886704356,2.58930454936127,0.137282263905223,-0.169856405432627,0.537408671958965,0.284235434826082
0.659737398804594,1.22833319299919,0.417155530109002,-0.199393387059916,0.0602623645610267,-0.130721996585588
1.77961059541692,1.48754087212273,-0.523371518042137,-0.202243951534538,0.263905127654548,-0.598783384542612
1.97935482007351,3.25237046620932,-0.333548557122717,0.257879300385226,0.483635406393786,-0.651526793583299
4.42760613744818,4.45696652760464,-0.402822507011781,-0.135278064616494,-0.174750894786439,-0.163839539091191
0.106197743109746,4.30553233354686,-0.278635518976733,-0.305681828612414,0.331057659081622,-0.569775174521733
4.22040359603873,1.04957538381142,-0.369299029317461,0.0706453428067036,1.88614800435521,-0.347639825770601
1.44035321911117,1.99546955802137,0.0962707545491671,-0.0722724799287613,0.886930278714795,-0.533304044257593
1.25171441268236,4.43941511702222,0.23930224332168,-0.00650422376828655,0.00597860629228622,0.550873202547077
2.44189817512483,1.28264005951915,-0.160954924725304,0.00257185282027122,-0.339090372845766,0.0686635021677596
3.64518057672507,4.83400802183714,0.0808147974255531,0.0635890903322866,-0.0678464136430931,0.195302249949036
1.01308048081898,3.09578676489666,0.164428438123392,-0.143541567744234,-0.462603761430121,-0.477119564711832
1.08138102718255,0.82672883265472,1.9486988278818,-0.063291247867322,-0.832960622931083,0.0668783850633787
4.8816725738971,4.13099514413359,-0.200606964369027,-0.132809877509814,0.0531347810061589,0.222802337980842
2.96617896218276,3.27846550604306,-0.287322156679524,-0.170463027431015,0.00424503709666356,-0.469898714481768
1.52201789046734,2.73226292029364,-0.483223402154877,0.0110116550907408,0.198561848115479,-0.64700750767628
4.83851441597665,1.25664641714467,-0.198676149191565,0.0335757940063554,-0.387184560244637,-1.01484280820636
4.47984915325825,0.200781922776218,-0.0507494611025532,-0.305630464308044,-0.387205446285606,0.362311974296835
0.9501273839614,1.16687706286853,2.30105322555422,0.0995668643295899,-0.343946305755864,-0.567541271579417
0.008996619395783,1.80556468124927,0.00748599365514949,-0.0546804641295188,-0.593200634863282,-0.0469398296438625
3.55881881657634,3.16727517506183,-0.0887489284377627,-0.118202704755363,1.17523828306915,0.0856587732906658
4.33863394454937,4.93049048111016,0.1196349858015,-0.339324339839352,0.0603755197842625,0.0800953416051102
0.591539549189977,1.03578323072479,0.128966352485322,-0.122510855453338,-0.423193165279465,-0.384275077520129
0.195114883638213,3.78541970777885,-0.142185070113513,-0.0443831349567537,0.0831122320880224,-0.1789333592594
2.99097262714889,4.43164054815223,-0.0239761304930778,-0.059364919175816,0.468597789191607,-0.137070217370128
3.02156752815664,2.36114929748479,-0.226456943122657,-0.150531937914367,0.234684683589642,0.618653624557017
2.58216205224444,0.794567630363624,0.0143499164497544,0.0679483682278116,0.363776084510988,-0.635783818680338
0.0375370204664199,4.05460392824353,-0.706611879623654,0.208450730251587,0.109354576452094,-0.169435031683188
3.44466681794059,2.38253876358474,0.05423940836753,0.120696261175572,-0.790661063368637,0.487177161996525
4.73010187697379,0.581437661230922,0.0514740629107591,-0.120901501786513,-0.338864503376632,0.141280191886174
4.36768228232109,4.3786030639232,-0.108120261346144,-0.0273284947090466,0.38915105938946,-0.235783141755444
0.56638226261991,3.17593189731502,-0.215431797808766,0.0214170577473926,-0.210439313154113,0.324335266408701
1.7728467059626,0.486406745458153,-0.173575277831761,-0.182863438756362,0.0204516327453547,-1.39966429627818
1.2096841531335,4.54219728119816,-0.684171466551397,0.0182608910359707,0.145461001919202,-0.304084626328236
2.80166654920309,0.175080107551492,0.280304252425437,-0.178483583888429,-0.559144054582469,0.703818204940291
3.06363553774942,0.198748470563991,0.12035933962996,-0.0718708617281941,0.0338436383706139,0.177555686819555
1.50404545330362,4.94283945613132,-0.475535517552227,0.206656105790315,-0.324171162980411,0.329960424179338
3.99070857097578,3.43090799230169,-0.608057545415569,-0.111290544063175,-0.803667111457181,0.221310240456784
3.97820813363352,1.88344596369016,-0.234026997568355,-0.200717871234712,0.200473508606162,-0.237598504821102
3.90546132955193,2.5216212639943,0.127320045938632,0.141644693425847,-0.477054580591114,0.318130018179329
1.755492162073,3.81747839643547,0.180936292079091,0.116217766326473,-0.353331818494919,1.08792413911537
0.271486769499885,0.24437398389756,0.13625799993958,-0.167558267971959,-0.750429228486604,-0.203537408932322
3.54352308489612,3.6296382829693,0.155510325435784,-0.198827032014192,-0.393712788156692,0.935853686967537
4.96464220651998,3.50664029299008,0.488812154390906,0.146043198945335,0.100173252770403,-0.249919140351689
0.812382425949434,2.29445412906252,-0.645597229399434,-0.0674455773196046,0.631330604687839,-0.278757915589544
0.567831693360235,2.91147404477625,0.0683638502697319,-0.0290166647372614,-0.6526313368226,0.25379368849186
4.56437712943272,1.69544900642419,-0.123591245930279,-0.0263511698923109,0.16684385465742,-0.499916972503801
2.40828490186278,0.853127068332886,-0.327333321786127,-0.183860169738545,0.167227500107276,0.397575280691801
4.25902976004177,1.9959670195028,0.139162980194184,0.0939578210687105,0.471728813647035,-0.877068664863771
4.04956901552103,4.5988859727219,-0.109513528476542,0.300209101500376,0.483031023212541,-0.960872225985486
0.933797721349201,1.13022718656626,3.74323263164651,-0.483632496330493,-0.635754327018929,-0.147422739563813
1.23599928372832,1.80503348075543,-0.355529312229789,-0.0453370081559072,-0.0809001288842624,0.0953123877268662
0.270944206836347,1.62281006377917,-0.320381305584978,0.0741094867605751,0.468375186708755,0.558469710430074
3.04480728226939,0.417910568339964,0.0530463178343187,-0.211804518086136,0.21722284512687,-0.00819776123940986
3.88616214617255,2.56332766802732,-0.405697072919818,-0.0669624533329792,0.584618423446156,0.448278238056307
2.55532044556361,4.16432412390692,-0.063760715505835,-0.0423644764769158,0.462742526188291,0.0956703841787598
0.138750442241359,4.52306749268573,-0.241731002957983,-0.147800574199478,0.992493357505679,0.266849815335088
4.95192640783438,3.61797956134873,0.265049279875132,0.031932147166059,-1.35169851511056,-0.449858668141078
2.50469961876803,1.91497912150252,0.0610470981037397,0.117226028272198,-0.246896138516085,-0.0967435221112255
1.65998743480578,1.49008527993182,-0.141985687409291,-0.0433711683099434,-0.26475351785252,-0.360619949698765
0.869415699722532,3.45855817857409,-0.31532986689751,0.0911117767969596,-0.791389549201771,-0.180893628118969
3.1281819742442,4.40228463414606,-0.243955415895371,-0.165736617579656,-0.361305034742864,1.17216535628705
2.87567416403163,4.62274153809759,0.707067230140718,0.105515941697304,0.559061531911051,-0.70236152391354
3.75492692262722,0.406263876852483,-0.118219278450771,-0.0978283893364742,0.156474728476752,-0.0497129707955446
0.767593998882929,2.41336507286387,-0.142682854883929,0.000642871167329375,0.341167981850926,-0.224893145959464
1.78393598301179,0.641325278653881,-0.0785912722619329,0.108528363099119,0.673689858148721,0.118282071333863
0.719754001230726,1.26455579620503,0.890058368846072,-0.128241531148368,-0.250467091284395,0.813575545114234
4.25303827622624,4.41980767376308,-0.69632679451381,-0.112975124651332,-0.307839088957549,0.814607425799223
1.6893487015417,0.981384566067048,0.428000006397088,-0.066446428658018,-0.727265318128869,-0.391357486643575
1.37598246422671,0.606768273684831,-0.111658033331661,-0.117952890391041,-0.239074890263554,-0.775526054241391
0.0300548655855809,2.71847496730411,-0.184985855333647,-0.277156416041526,-0.456051960170045,0.348805229349174
4.00955984308749,1.57310374110711,0.127406969319189,-0.00439790609471318,0.0982122174362907,-0.544888355981188
2.48704142369285,1.91020457534008,-0.405129935267826,-0.313238042081113,-0.196951475049723,-0.411567645959601
2.68921420662061,3.95769631425922,0.0400983845991016,-0.121449015159525,-0.458192758096015,0.218546180750768
4.35456262310662,4.1958973977013,-0.132858862678187,-0.309898395834049,-0.6551905681088,-0.177704803813984
3.61421784333224,3.40118192963385,-0.580534626330626,0.131041830225047,-0.283825163771264,0.899350127277466
3.34042965837423,2.08461003650661,-0.0344330849211243,-0.0672761431161419,-0.0525242520195366,0.00195596797275385
0.894138961518542,3.21444903753043,0.101909588603207,0.0505394239013112,-0.540440450232725,-0.179719819991974
2.752476774373,1.07040725770062,0.13074229263898,-0.124489591884116,0.112691034925,0.333378653227995
4.79937539343986,3.08635402892371,-0.299329303632385,0.174638542439336,-0.17019548642578,0.392976890832927
2.9801083599315,3.3759557292286,-0.10881753879343,-0.142057900636193,-0.23079838626257,-0.123835917318402
4.04285354376194,3.00511742304384,0.106084391437742,0.105245805002668,0.33623362050297,0.579571026998684
4.92266177431722,1.73154752001909,0.0751642316732192,0.103690866594106,1.04376163120431,0.123771691865166
4.42962223834969,1.82200684130776,-0.237128180342899,-0.167955690518614,0.398462460630954,0.488978591867454
1.06918501556556,0.857405384157724,2.39098161618084,-0.011609706129757,0.194506255377887,0.0603464682931078
0.173150306562334,3.97680783959463,-0.0103605299179139,-0.0110655526332217,-0.116123066695485,-0.161625744993955
2.25561895701587,2.46333456150055,0.0164255907521179,0.26662422150008,-0.0416663433600424,0.805555095441135
0.0689727838904736,1.7731142727405,0.447659456486256,-0.239933731456938,0.159656765777909,-0.455620599318705
2.36855374566455,3.87530599987013,-0.631659596696669,-0.322398338968848,-0.375543194943985,0.278069826743222
4.75598545364398,1.18402403532219,-0.225883445966457,-0.0329389227075561,-0.65642103295772,0.933811365513686
1.24476139352717,4.224167245071,0.0439891267727348,0.0703022860189378,0.0864368006574566,-0.264175310624787
1.93211400277209,4.08263485409568,-0.138134783046407,-0.138784863597096,-0.44813008553238,0.263358426353752
2.15716688213027,4.23114182031704,0.584912714011784,-0.00521354008324253,0.0714296939390253,0.114318975191279
4.1544324237452,1.85093425431879,-0.228625029696542,-0.292866445217351,-0.374894606024602,-0.222746069090732
4.12323409816418,1.91614765779788,-0.90710582061108,0.0912567948477248,-0.592679476676392,-0.0514129266289168
2.26499306150556,4.30667374030051,0.143090836556357,0.00466291617321182,-0.780835048419922,0.264637334518326
1.90280084973839,2.3195459644148,-0.557913110549644,0.155247075305319,0.027209903242655,1.08623396957483
4.62934271420317,2.85274109952767,0.3403978561713,-0.132953945481427,0.831468138130905,0.423538477626347
3.70421813725583,3.47653404350891,0.0317171217902987,0.0678489596855033,-0.010507175397951,0.0981889943374647
3.68816536711413,4.80458636587745,-0.224504283686512,-0.261665163108948,0.117259837038914,-0.902042101279569
4.73457999506014,2.73156489626219,-0.439595594077455,-0.043560873264999,-0.0252214834414271,0.0969135675589616
2.5504985271619,3.18288286715864,0.53044056760214,0.108578669503558,0.00123860054505282,0.0917779979560582
3.95939592448375,2.85446244615498,0.000284768681848633,-0.186407725549254,1.03010525793268,-0.380549535876312
2.26086751164529,4.63556073523645,-0.272057531146294,-0.0531248175982536,-0.486810171080562,0.453553318114888
4.24599353774492,4.31882784908769,-0.343690565255761,0.183453592346749,-0.188380253817,0.764243919969329
1.95215414731249,0.849196254331969,-0.090370382143742,-0.208715471617541,-0.416859616704262,0.221445868601051
3.69188255753143,0.89349514583557,0.326588629176829,-0.262794345928359,1.19713470831186,-0.303184390185901
4.88219278675926,1.21752183811598,0.54352233185184,0.0679342292976933,0.125932023178391,-0.39913732154102
2.61649529107555,3.75889677530651,-0.0944956214039989,-0.0751056881576055,-0.267068892696466,-0.249481516986721
2.14957650854887,0.995671875585108,0.0921512910990544,-0.259827446934044,0.260433554788735,-0.613562824767997
1.03579041293279,4.91470255751991,0.00399824545393275,-0.18620392417763,-0.595386218043697,-0.321139643342422
1.61700689738522,3.54819351239535,-0.660290986989044,0.0303375479477506,-0.0577562710521358,0.301586998169972
0.554351091800551,0.877180727596795,0.289036121127901,-0.0415489563551152,-0.0186284753284071,-1.18102873175339
1.87605027121056,4.29148696180162,-0.27364830690556,-0.0999972532445032,0.630307850818235,-0.923786499579214
1.64951989567018,4.54705741521715,-0.25042468656488,3.48921964205845E-06,0.138373739428262,-0.0431774980342645
1.7105258609731,4.80831540096633,-0.157103628466193,0.0363084042894107,-0.101819004090249,0.105064954893242
4.08559425653557,2.8529985204298,-1.08767063436969,-0.200063423566934,-0.727930224016379,-0.458710714277773
2.65842657118782,2.81439615175223,-0.348574278403069,-0.128379563651807,-0.800325758088005,0.221757001330982
2.60561024254441,0.883306023471013,0.175585245094472,-0.199630649833696,0.21184972547848,0.554198445467972
3.87154854493325,2.568395301878,-0.062986830623888,0.135668968395457,-0.411663879523907,0.31522262903224
0.601313853899893,2.74235957964903,-0.262548008910214,-0.271572887359624,-0.230000008115686,-0.836843829278413
3.12725075958763,0.826387213100868,-0.209960025752183,0.179073010005,-0.401368829768891,-0.424821431448308
1.73324342775273,2.46946519266224,-0.450619704087258,-0.16500959538544,-0.0226186438419805,-0.48151050026226
1.67309692919938,2.67558633738124,-0.325101181218881,-0.0693207697968374,-0.00228471079763741,-0.22712376913707
2.87308281690488,0.994035799160872,-0.287211237724505,0.0730673280304321,0.788760612768003,-0.395217847838186
4.31968820529391,3.11584456167043,-0.169438857742902,0.0377259825838047,0.762590292116225,-0.367262272438483
0.992815360853264,0.131576968271789,0.190346095008397,-0.137771452824173,0.391491385918907,0.869943637385149
3.36225481848824,1.59395480625346,-0.10532064781052,0.0621447265401035,0.523919446141457,-0.221447043773638
4.50915685490036,2.66499767205275,-0.133101947898867,-0.273549271591003,-0.642792517684192,-0.0972954305851465
0.995785908094763,1.63386868743986,-0.204462988259725,0.145513881174717,0.493542683580204,0.0731260666649344
1.49142074914991,3.01095220305325,0.239307872896423,0.131963255828595,-0.559403944926801,-0.913398939853187
2.48260135131688,1.80966363728131,-0.0051680946524334,-0.0769284818043461,-0.846519584021763,-0.622525058821302
4.4495211584234,0.674603182928374,0.0878392277404409,-0.0179299319284832,1.70739036053585,0.166136086800029
2.50707294934299,4.56906751773678,-0.0314215019589596,0.0875429239201263,0.0353755697440865,0.140256030524893
1.38497619551987,3.20279418645781,0.178797000805673,-0.093142158029813,-0.428409844770255,-0.632342912782522
2.66979089333425,3.2938707114794,0.412141638810809,0.0142628608431785,-0.104386117127828,0.526226451964435
2.87124776892821,3.37665165654933,-0.249667561763229,0.0356571879055471,-0.075061224132824,-0.0440743352365049
2.06402200860529,3.72278857103079,0.0822038221408125,0.00512724845770032,-1.095225203073,0.0235458088974726
0.0738183140252136,4.2108878659348,0.126700568760019,-0.27513262069923,-0.458061160654763,-0.0140904316703179
3.51382401714127,2.58328583854537,-0.105608277361503,-0.135087464677147,0.166520151208219,-0.297659768051853
2.53373575743496,0.759343507270159,0.570425263606877,-0.402414706624083,-0.0577650617331315,-0.968538700710543
1.9063304921348,1.9033213714398,-0.399418562021588,-0.140183166320243,-0.891345617057194,-0.1276335632179
0.324657674369275,4.10509700720542,-0.268598620701014,-0.135248173692513,-0.351376306662718,-0.837648148875386
1.79289980330507,0.856821896714001,0.0325227579083898,-0.0970235649083775,-0.17202425080708,-0.149048641356371
1.17125621266121,1.64987640708917,0.0648582502012906,-0.0171594498203547,-0.071565837381508,0.0347831506535123
1.01752026444485,4.83235993454629,-0.181389349917559,0.102248742716767,-0.914476767595949,0.0337920064441856
4.0688979158211,4.03146298257108,-0.270034688412001,-0.104211746371921,0.0100344707889172,17.9104820647377
1.96717296796736,1.11093964991105,0.249797118617541,-0.0745334303614978,0.628175786730161,0.113904121453751
0.267875854307469,4.99886561347378,-0.126821043475424,0.101865832528559,-0.874587745550737,-0.663934855495462
1.87525789136234,0.318693487321763,-0.326242204503467,0.127778100809928,0.106423331002973,0.0547393065131212
3.87497088708837,2.12741559043241,0.479008831092287,-0.0466716010886836,0.597228505984023,0.253442562372855
0.826488104353885,2.02169076044843,0.269848414179988,0.0639237515332665,0.067114578601291,0.719709560777935
4.5610944851833,2.00146441941803,0.400583666081797,-0.201076059693525,0.234235805972867,-1.05982329140171
1.59602890904616,0.559613219529471,0.0119728115321584,0.175053600478816,-0.330196278224298,0.339314488863475
1.64889834141974,2.12155386618817,0.583752380488279,-0.183268364178082,-0.195308722873827,-0.143370824460087
1.02117835047554,3.06772941333062,0.219548244804268,-0.167327350085183,-0.657792566296503,-0.101016512725142
3.83607368189907,4.94030642877771,-0.722278294074745,0.00632318194164501,-0.173417127715145,-0.231254136921927
0.349865744764126,1.09950389419748,-0.365044051581506,-0.091388329660736,-0.376713067161208,0.0450664761151378
4.75016974006807,1.77040538955151,0.0926256264196389,-0.340158839621095,-0.347672090003016,-0.182862529723608
0.791048924534428,1.33120939594063,0.324794193578264,0.0948137973702571,0.573880897649587,-0.373816951559352
1.43222933200502,1.45749016982587,0.0223316658404384,0.0332291886374077,-0.162592853344728,-0.332345147653894
3.43564557368475,0.941947707554136,0.267251796024406,0.184387227486491,0.506828073678449,0.239819994557611
0.705749118188955,0.114298118128087,0.553504552936993,-0.0347022780248015,0.0643510462431265,0.171086102887586
2.56043325241716,2.24702090974242,0.0401961353506915,0.0356150308485834,-0.576158523461252,0.487344301287372
3.60663463647082,1.21820096697351,-0.0564528888612737,-0.269119422272458,-0.51360758229696,0.11765242571916
4.64422567809928,4.34363272369941,0.657026706722709,0.219178028726612,-0.793438987603805,0.0525812904849341
3.6605192500813,2.6430538372131,-0.107055624904478,0.303366633588206,0.0457502075297553,-0.579852268635192
3.74924010369062,4.57067584070958,-0.260437647231499,-0.142097781472995,-0.257173951332873,0.356047423903762
2.03659801552752,4.86965088529454,-0.308415731337202,-0.178663152904139,0.242961977753482,-0.202820215305407
1.19745847793942,2.92712979331165,-0.34056768016869,0.107606110104982,-0.294072120618111,0.0459999708625454
2.6042523754152,0.594876913368397,-0.0555682682545244,-0.266381796475405,-0.700062546388528,0.363605782991232
1.09538680054452,4.63266294465672,-0.397650481278645,0.0286362841351595,-0.0723107131711699,-0.305401862294104
4.21193951949373,2.96780386240579,-0.737311527556003,-0.10359247904482,0.426648012438415,-0.213716091222122
3.31466454525647,4.41807652462384,-0.543280767274944,0.0556239589745785,0.0119109776227834,-0.0386451566377556
4.08117642583228,2.12237965543827,0.0442905804708402,-0.401280223874317,-0.12666076520693,0.0609973550082238
3.96938800051285,3.0362869294202,0.265582462511275,-0.061213858039578,-0.296535656058852,1.04734519231904
2.34552601775881,0.353817912386508,0.330905201838901,-0.0400830180840887,0.511606914041682,-0.498308405699612
1.54762489667287,4.62386215591599,0.680788313405441,-0.321953062400151,0.316218085031323,0.601920400590563
3.43789623756871,3.2103970807085,-0.472605496657898,-0.105185244537977,-0.306171729171101,-0.0692618019047364
4.93426111694984,0.522498339487875,0.357694249303483,0.0183296560414848,-0.667930849984683,0.375563652466569
3.84966937927771,3.50112536844728,-0.0781062720874392,-0.287306460185493,-0.538890617811466,0.355091930834077
4.14790423362596,1.97902164414166,-0.262957284867986,-0.131025483046574,0.143696965458366,-0.311224232895404
3.53042382725156,0.424523753885362,-0.244559783483124,-0.0511778930245061,-0.457958786113554,-0.194249409948386
2.97668209323874,1.07239433775536,0.210990778234739,-0.166794804342689,-0.204860955131513,0.408433214230758
3.76437060041271,1.24399448769199,0.119840462630645,0.172323337895607,0.693984099597267,0.563290100647719
2.48361101912619,1.13326568730704,-0.690297722631257,0.0431752637860593,-0.389558218252227,0.408351727585063
4.3256632700603,3.51502195509062,0.241515345897645,-0.175463073790937,-0.402264396133329,-0.0440126900536618
0.340138470647062,3.77076292608914,0.17887483989873,0.0418779019251278,-0.225182410714487,-0.701604817317517
4.84272970106496,2.73643316931827,-0.187043853669668,0.100234597819824,-0.356268217877715,0.168036059943036
0.493781559855001,2.76741709967126,-0.422117867505849,-0.0247187164561506,-0.752520014187062,0.192793038204702
2.73488543227637,3.15286395851521,-0.362967508919344,0.0147982482254401,0.243000384247128,-1.26708759391923
2.01484954489767,4.92728475257375,-0.52639119544804,0.0375506501479956,-0.553419614280611,-0.0408587766174078
0.535200777000913,3.17139101491309,-0.112598429532742,0.0735914198978756,0.374257704370016,0.965633637243247
3.62083085240311,3.0022780626541,-0.23631522845861,-0.294731067005232,-0.260016374419785,-0.073156053486387
3.06841173980288,4.54593478540038,-0.212559917235241,-0.186711677312262,-0.26083612654697,-0.30149551170161
3.91484096259031,2.85418316941116,-0.0295525244963203,-0.138456301179309,0.522686767234526,-0.487559935885077
2.83310291220822,1.67709960623532,-0.192407928506807,-0.339822027246491,0.0572161089166787,-0.951216578175927
4.05659579353461,4.7856957915545,-0.68461166704724,-0.308461512160188,-0.305975028879007,-0.137716522426257
2.88387930120495,2.19961561140076,-0.299749178448895,-0.0218576574454519,-0.477319101187702,0.0969301867367442
4.72014596920832,3.00771296757838,-0.284636680777209,-0.0242946032709525,-0.345039040311536,-0.489765373531652
4.35726074470839,3.60131180785262,-0.68998612510336,0.0681378405374953,0.0823977156608091,0.41468312793095
2.53801103972384,3.39389170835732,0.199099796588525,-0.0126587963846661,0.292007563755298,0.355938396427076
3.9441158250623,1.06379505051602,-0.838385305859754,-0.207158030661474,13.9040992831171,-0.35443238705486
2.3651532044985,0.408116875228325,0.0660245150236424,-0.085025852699252,-0.321972190236531,0.174214217914241
4.1440084924422,1.37239703942799,-0.203469248076902,-0.198948363957796,0.687772965328177,0.219424235953296
1.61240794030976,4.33759193233232,-0.228082739780166,0.127115155689843,0.201653780604643,-0.0771877269050274
4.88073267613678,2.79678533698728,0.113253806940113,-0.327580061032508,-0.296942776914176,0.93574119580622
1.39105520131572,2.3231388551366,-0.174579164941267,0.0665543796580954,0.573690204249624,-0.69068245497693
0.364154024062144,2.15150450390202,-0.145622365338461,0.00516633123591807,-0.28821376903918,0.066800931386888
3.75611802936004,3.86992960010207,-0.402531033235766,0.0451931914583595,0.316168086289054,0.86075016739123
4.15594310267084,3.26960210640396,0.276495125414868,-0.175218452328144,0.357145980939787,-0.233860727474852
4.61169046665566,3.28864635833264,0.230094041165801,-0.0502675793598698,-0.0770734830156438,0.260994392397349
1.63512146685007,0.805104522923689,0.29239183553398,-0.088126020301772,-0.143882438015596,0.469830438549228
4.02034631285356,2.16188413471836,0.076764468988916,-0.326946596912172,0.369898453844469,0.0415032732440885
2.69125166650284,2.52543042177761,0.149899523150011,0.000518943906000869,-0.953035294555094,0.594482524325311
2.31647439539654,1.87666140464979,0.154120394842442,-0.00758457779248202,-0.078200774884448,-0.518905334200924
4.10375125427335,2.40186114042934,0.029421000081938,-0.202433803416781,-0.0359266413786216,0.134643457824462
4.75953253095727,1.71210701383554,0.108948463472371,0.117872761025766,0.143566010620173,-0.317888166390031
0.38136444719886,3.88573220070037,-0.343178501569306,-0.279498337931276,-0.537560242729213,-0.439631501614137
3.54335532093913,1.91971931194903,-0.0907126274056506,-0.148295885006693,-0.693946126829478,-1.34697931308377
1.17463221918494,3.55778213495616,0.087780157670495,0.00862939831644062,-1.36688455496383,0.312795567040327
1.99447778859506,2.40466703695976,-0.33293851090323,-0.19070979025166,0.152733890872463,0.864265987787766
1.34062213453305,3.64590111060786,-0.0999208771204604,-0.0500138406039921,0.39570067586704,0.186335322863428
4.16256658297768,4.68779619481703,-0.171550663352804,-0.00315494921977995,-0.32553580778626,0.821980773524177
4.97686905173102,2.58627201275462,0.315057754773846,-0.224491226893161,1.03498392694934,-0.0103885863645644
3.2487549137732,4.51534374313334,0.0538682198656035,-0.0669465100343432,-0.418442100180803,-0.554230407850044
3.51976415522135,1.09096321065456,0.273090712757823,-0.151453374954897,-0.301395640292435,-0.492111731899963
4.66151598984379,4.36609670086452,0.103640665686285,-0.102997811075901,-0.182754669170958,-0.284632550857079
3.43826274034759,0.413464659654267,0.244103377802565,0.23011543162704,0.0800946711971204,0.476216698305629
2.84176959334971,2.32701708285347,-0.128926579713044,-0.167138232212125,0.233393805502654,-0.286244856630658
1.90423764644764,0.109649114039894,-0.0269685387288488,0.0608838450102102,-0.0453080991738804,-0.0245984412120045
3.17289742405211,4.04140275017774,-0.319168448795804,-0.0710236139350128,-0.474201591446779,-0.570132587131643
1.81614310546983,0.896047503956158,0.133390170457923,-0.0762923012318631,-0.822580619419616,-0.157938626425808
2.03809722472953,0.826961234269753,1.00249570562983,-0.39001558695342,-0.373411835056966,-0.868243706856677
1.84349861787895,0.908017335810528,0.028216593030001,0.0840386925918548,-0.746465533127458,-0.413627575404129
2.34199380195179,3.45718281655604,-0.11702765387815,-0.0429376542425592,0.232025556322884,0.33463013065743
2.51706921641981,1.06881759613978,0.213936606931276,-0.15200205982077,-0.123392399778449,0.776825091170533
4.55267891199355,1.49052429886604,-0.636350650787712,-0.0769880712308682,-0.816951905267133,0.180612532876862
1.03215511036904,3.84167573529873,0.282005590282012,1.28187497319958,0.0566746832432594,-0.0146475877360666
1.69301837638691,2.5057504732301,-0.372039945063507,0.224994600184659,-0.546696441808673,0.467478587568847
2.87062810994179,4.5473240325364,0.0865432557033564,-0.254825536775501,0.525258117937443,0.351297394107543
2.43466219714823,0.289264515439692,0.0118389103765645,-0.173642516886567,-0.063003921894104,-1.27455195793777
1.31109492845221,2.18375964121448,-0.0833580424821367,-0.031623548910268,-0.00198528698535068,-0.947443077638939
2.8979673147656,2.86127372785583,-0.34444223263558,0.222710299913673,-0.474254495577736,-0.443894823286792
4.39163849487716,2.82533579888589,0.035879942738088,-0.0404128891235425,0.15567345951907,-0.434614712504744
0.304751111922461,4.11908283613179,0.278695200261882,0.16799695164558,-0.0875686432334047,-0.85510424341098
2.20438234465101,0.630494137412908,0.168381964905399,0.0398663803819877,0.0113070903226188,-0.401830848242141
0.421290006687281,1.5005838876688,0.486881939387398,0.0371054960126615,-0.266399475176968,-0.528173352932644
2.81618807712864,0.0106101241660528,-0.565645740147929,0.125609785472465,0.22479461859676,0.47307847094463
2.69655290145785,4.75553678945136,-0.0999860113455876,0.296661412063969,-1.27276772339969,-0.328808936291252
3.8402895013565,3.83149681665998,-0.565310284839377,-0.0564633696290854,-0.0308284151950593,1.23578880759237
1.16545136099469,3.75652081094075,-0.0619060536192011,0.267996950945887,0.38085588619601,-0.266424405714636
2.93680871243235,0.694324185704673,0.0929625010818766,-0.0521682117445921,-0.127356222441511,-0.403429778509703
2.2948693341118,1.74659771321313,-0.339031703874737,-0.128851493389539,0.181318085895873,0.0671801036117418
4.30490760901843,0.75670280248739,0.332029320717527,-0.457854402097259,0.258112161831392,-0.178566870467195
3.30418047224122,2.48360339128962,-0.262567327830453,-0.0991139957974395,-0.00238003822429127,-0.768248205166522
1.76939583054226,4.04326126456095,0.108638448181716,0.00369330874062099,-0.392483473761433,0.233005674589146
1.73593148946941,3.16434396720573,-0.214740035579035,-0.11648443485551,0.430590501972085,-0.235779941305068
1.2685905115724,3.44200748846424,-0.355960630283036,-0.0283503037603477,0.107698670579775,-0.356473160812814
4.76264072686699,3.19785108927628,-0.357556178471954,0.117900751881083,0.549093322798705,-0.409273754393081
1.49100494911968,3.64660863121784,-0.59353699662482,0.022990711674164,-0.134892382924558,0.333105172966232
0.792030388891474,4.29922854042685,0.412924186439105,0.171021230878787,-0.146029898398112,-0.11807248916978
1.80648528363546,3.13477689707287,-0.928259483734024,-0.167472034903143,0.0366582162424267,-0.820477451708101
3.70814546441412,0.902956864546942,-0.538886016885983,-0.173155588871734,1.66805392592522,1.00549317085118
3.52950005014716,2.86653273166289,-0.777996074278462,-0.0966445553218578,-1.22769131727764,-0.171970263985598
3.50446086435537,0.817830781920267,-0.555161721026043,-0.0620472964740912,-0.544449486701263,0.0690465809909211
0.0311289370575074,4.53025867787755,-1.05405545097864,0.00675282018616269,0.481625971994428,0.106561587799467
1.87172800637921,0.386713925666604,0.157650885684772,0.182730670749818,0.796668413073678,-0.712536462375141
4.50747809646329,1.69267325070838,-0.0912107455452777,0.13693002670799,-0.0825885185044605,0.545994433968893
1.59172414038626,2.90308773698566,-0.442353337523946,-0.2563801286502,0.530054796368132,0.0638936031398032
2.98541461607404,2.37617578746138,-0.540569900260097,0.205028466986782,0.941074736787948,0.0244886559276783
1.4889759123616,4.02660243112766,-0.550703727088419,-0.0925961985631068,-0.0261810436452262,0.607705546697437
0.625071906428639,2.65389070487403,-0.179223566418162,0.350183564797966,-0.331397237414201,0.0114354045803336
1.94177834328528,1.13655165821144,-0.714036743826166,-0.0486574612638098,-0.323891599526271,-0.914872900421892
4.08843871986933,3.54742487598241,0.0318470047833985,-0.152258137275573,-0.227694370159056,0.433763159128271
4.90587852121663,0.74316276602425,-0.1364255819159,-0.411122304768042,0.374456048601803,0.509221465563999
4.30994917643577,3.29058090611692,-0.222719281300659,-0.146229022102882,-0.183690603367979,0.701189447549961
0.41910441048003,3.16991273945046,0.125696374626976,0.198760009508154,0.849275606595762,0.0633833243483867
1.68855995168562,1.14653125732886,0.159383801777856,-0.14757891940491,-0.263860978765778,-0.901366184012565
1.18064583186072,0.91114007636351,1.58937551942007,-0.154135687196617,-0.448715347407222,0.47090977260684
1.58902693966085,0.831762538682251,0.099951113564478,-0.294184138714207,0.153813835772804,-0.0967220588093284
4.92224202737175,0.748035458093706,-0.151256473000462,-0.273800633816544,0.103865470026009,0.0289691631047065
2.74125445628208,1.01373698871299,-0.298413781291663,-0.175746882485248,0.164035070124541,0.566195025288924
3.74625629677213,4.77479450906886,0.270156157320195,-0.022131003446918,-1.10815613981966,0.286526087020708
4.20925867362045,0.0795416940474247,0.304406809822425,-0.417753135979779,-0.0753767546924638,-1.90112580823261
0.834448534935142,4.78757175085592,-0.0809680264080407,0.0790251217693492,-0.988005323156233,-0.884211769287069
4.51548804644792,0.12846142685114,-0.454065701106739,-0.161593569025192,0.0646712414620492,-0.475647412062757
0.525620639111094,4.85555331547854,-0.504461129562671,0.0819751472630464,0.243850588441039,-0.702512697750542
3.72546548220362,1.48797838379237,-0.0156803846462957,-0.0830828218698221,0.762636689018995,0.0178129936127562
3.64685968918953,2.62536539609713,-0.193254291934441,-0.152686344840318,0.272584470679653,0.0540132120563017
3.58734801055143,4.31169605739662,-0.38314635793257,0.00194705333577813,0.116447488960756,-0.0240115517839759
0.667158838660177,4.48202451732456,-0.0597830956087103,0.0979131376018114,0.249399331490683,0.510618922514863
2.22894499758134,0.945052777055804,-0.462961100705159,0.246575250304866,-0.115538670609123,-0.454720324870528
2.54393615607285,3.30359778724018,0.0142575249403314,-0.283464271775616,-0.12722413983136,-0.204260959852436
2.65245145409345,4.70615468936743,-0.647454885069406,-0.187709551894607,0.367947734851793,-0.35778038266952
4.29858521792745,4.87853562835316,-0.941994027966756,-0.28007098148114,0.399992838627599,-0.390732333447148
3.38862455359844,0.539676265088718,-0.168797778616545,-0.175317909046204,-0.173377119888409,-0.0392672985639011
4.02919129397376,0.894496140111314,-0.436264304485212,-0.16495929592542,7.78863629057383,-0.750224688390122
2.65621434729291,3.73275713566018,0.416602392551828,-0.14353944884089,-1.20005051079226,-0.170316991842512
4.77947919306596,0.24734261265975,0.360710283333829,-0.159664439310504,-0.806391507912549,0.341337648918409
0.333384722996616,0.356424409817669,-0.234906996053329,-0.164957851213549,-0.589259439940857,0.329628433282596
2.70759013724975,2.44562759785664,-0.424995750718711,-0.116859199172284,0.116154087238029,-1.00792178382001
1.40830171747319,4.24946910619818,-0.177321806431128,0.136496719879973,-0.484731422342229,0.14154975003462
2.40450168182758,4.98520721939,-0.214121568184939,0.107365225968988,-0.157496647317773,-0.270581834918493
3.42431890674402,0.0219630629108769,0.370775132317548,-0.142424278061495,0.131689252400774,0.153642181466408
1.04129194398374,2.71303732029539,-0.203204105803519,0.233264611759112,-0.771288565922346,0.020000297185108
3.04080494297033,4.30674088208282,0.303628949491774,0.0650747563934947,-0.517011457135363,-0.123674740393104
1.63088086188381,4.54569512235031,0.315436848790765,0.162259240119485,-0.472445612539804,-0.0631028578497944
4.40423601180904,4.22675281138806,0.748702852229751,-0.240603453281808,-0.492822885443965,0.718347718409034
0.666973066804625,4.39436442319262,-0.233279112255485,-0.251879123069526,-0.326508907739942,0.292303927304657
0.512038949436691,3.73091118828872,-0.262536977864583,0.0806485413281741,0.255780041019002,-0.435265605642395
4.79558451566966,0.587446900994535,0.463830050983522,-0.027760052798705,-0.23563523486471,-0.719896750983328
0.764509998373961,2.54511128418247,-0.330674790460498,-0.343737417422167,0.21460108361157,-0.272952138281005
0.762690405477254,0.844158819796931,0.174807254117317,-0.322046014153431,0.0488864537772611,0.43239483724049
0.777762940283139,4.15555751597903,-0.0737773176493228,0.442581866315989,-0.0267284705548426,0.104405441654066
0.447847014634305,4.64005428369369,0.0647355043107396,0.131270605557104,0.343608578357879,0.127415017405949
2.27212280701564,0.847422144220112,-0.187807897088119,0.137991608303126,0.927646015579805,-0.284812388489087
3.34447846405144,4.41868660022605,-0.225838678272343,-0.227312609811631,0.581908847041874,-0.277704657768833
4.15650840975283,1.93931447314557,-0.567136681184809,0.0155443820073457,-0.756890368727625,0.973802277222973
3.95117568456857,1.91284730112801,0.482457515455922,0.0173100331269594,0.256268921970478,-0.101444473680354
3.56355458895994,1.35726461983509,-0.0310862995909605,-0.0875437247606394,-0.396911744981827,-0.0761020533392116
2.36298752520891,4.33941571417577,-0.291305661139429,-0.237109214587189,-1.06877493203616,-0.170603128154213
3.54294076197874,3.70751228605445,0.0308953532650037,-0.258324573048723,-0.682730971944939,0.317712862712816
4.79029740510132,2.23936365063823,0.177385879376452,0.0371415883607429,-1.11030940683211,-0.20366474876177
2.52887781148972,3.5481942891536,-0.45887309622685,-0.343384087549801,-0.647336141548922,-0.543457117590693
1.52526557658739,4.72165641451009,-0.0289427336353575,-0.089284454583272,0.524651465630064,0.184089451978485
3.94905591900984,0.870589367358169,-0.266041624908232,-0.0602570467492979,5.01601030304487,0.645349246895128
1.18193481793916,1.22298141982163,1.32280925211815,0.09694815662418,1.1619181211814,0.0226475105707989
1.17151416636523,3.20464562197631,-0.0412565239258078,-0.0885626353278149,0.0705251739103039,-0.428953441141354
2.32349699304371,4.04306254949522,-0.48637715268943,-0.289752115157225,0.361925975866657,-0.00787983605028423
3.09693400607976,4.26685503226565,-0.143797536611667,-0.020347929829976,-0.182747771290711,0.550198932362234
3.07664700083767,1.99058823460381,0.0556540364672924,-0.197391914598452,-0.200347584811251,0.82503363371842
0.613119507780248,0.577469043738546,0.822805666690963,0.206240312034958,-0.485014000820077,-0.762670727825069
0.618967641636059,0.401404758864972,0.0472389962344067,-0.222763177799006,-0.0374079301007563,-0.014640629036934
1.42229495647909,1.80233810039779,0.17268914476277,-0.0499479030399284,-0.811528735167705,-0.279355705038146
3.67866403413059,4.14452774820101,0.301404857992703,0.251175632322879,-0.515115679105046,1.05639183262982
2.05654051491519,1.07304853138321,0.130133897309862,0.0896203803570257,-0.601490049091661,0.0166523760531779
4.14490946356357,3.95520161953337,-0.402595014505632,-0.0839369473552886,-0.0306431134195098,4.36042789934269
4.6755705802487,3.27344157088189,-0.161717967736342,-0.00465404905503411,0.614838111223542,-0.858926760148539
1.99533329081021,0.130732240308994,-0.293104704374473,0.306758018748788,0.922122922043173,-0.667466891756184
0.261056900652877,3.92888142948888,0.137566516764683,0.208143954456578,-0.950762220399174,-0.365812777263577
2.85593051119236,4.61281522636494,0.417036400272881,-0.29081886489063,0.049058796736794,-0.14674781278323
3.73834987840878,2.46156565487853,-0.110725189112808,-0.0514083979266621,-0.384787565603459,0.549200985270784
1.60121779052107,4.17005827559445,0.254854079286558,0.179562270070308,-0.629116240490579,-0.348768318900861
2.46467159321098,0.656768426716748,-0.314283556220156,-0.33096995169467,-0.0309881374597433,0.116062649091892
1.10826377237975,3.7989173559126,-0.047002457481464,0.632670142193415,-0.340208476644088,0.384226495564875
4.69636871328149,4.62868090336375,-0.168170010354927,-0.093352192724481,-0.0906635327889447,0.157829246315538
2.41152644679002,4.16353787201113,0.449310527958282,-0.0201426417028668,0.249974681663288,0.010044514557061
2.69998043436973,1.29700580426268,0.0145174370112276,-0.211944440238759,-0.506948598263793,-0.36390373369551
1.10528549851816,1.06510883681045,4.90915922034004,-0.37673531701913,-0.182344719710161,0.345430919976016
0.479725009105756,2.61157390841913,-0.200715961942447,-0.242519158496793,-0.92211346571682,0.734558968100577
0.300827082297392,1.98678550412521,-0.276531602804859,0.226806625649756,-0.297229501838962,0.165120066368593
4.09754437471135,2.39554891276795,0.0296574136597603,-0.103027618404108,0.400744322889617,0.119141008107431
3.85739152363019,4.96951819789274,-0.385994660169014,-0.235170725767504,-0.943730623625628,0.155685958475922
0.978478655098683,3.02239228889706,-0.554960887119627,0.191141410971874,0.0703650145130487,0.444959987121432
4.47559077276579,4.72454323163638,-0.210778667572744,0.0669131804171542,-0.756254749123638,-0.097671944691453
3.42150073112072,2.45221107569245,0.441741500502217,-0.220469233066701,0.0236374328671686,-0.287788825933765
3.28423240623808,2.18973279886134,-0.2331371464966,0.093383754708402,-0.283343114145956,0.215304242757438
4.95190600743977,3.86327786194429,-0.0327942703215708,0.0973998464238213,-0.243270150096947,-0.106748331158828
0.168458965605059,3.72033283649168,-0.303384312945341,-0.163932018620021,-0.878660117033389,0.3716553853527
2.12126635212076,2.214520337555,-0.781293774322618,0.0104298047519312,-0.534401091110578,-0.780491640926282
2.44991836403127,0.265000262550218,-0.0829036318419755,-0.14275442923241,-0.179209526150796,0.584747434127545
2.91752235233639,0.439109220787081,0.483517519863167,0.119960501778861,-0.019675532445616,-0.427065674896444
0.416348737906471,3.98992978838809,-0.215382934817113,-0.182373736649198,-0.208752479197334,0.0510406464667066
3.30077314988892,3.27791186480597,-0.494874476881476,-0.144940945500897,-0.408298198067932,-0.202063886913115
0.261526103851963,0.161677767232092,-0.389727544081323,0.0505014636217334,0.514553715062681,0.280003144089746
2.78415267065998,2.78533414840596,0.0242017785715365,-0.0903341138597676,-0.193143448279635,-0.737828950709107
3.56012624567472,3.59900777446095,-0.24831373437981,0.0139279318765529,-0.475340528452802,-0.305592983059981
2.43955312630036,0.552040244784792,0.256386179388639,0.199237209857107,-0.442615962811107,0.736366879381486
3.08800322952989,1.08323688140139,-0.187092518089437,-0.151290023082996,-0.0314982350317206,-0.543834050494529
1.06888787381016,4.0551010780823,-0.811446295441088,4.16880118207243,0.323505489695274,-0.406133619808818
3.22829331030678,0.693309414346337,-0.245186656630994,0.170480800741095,-0.173577800633752,-0.0348885419986499
1.90321145642313,4.40949600366546,0.137113217669966,-0.119924243322255,0.297006093940378,-0.444375503875221
0.518564200934443,4.61778030845153,0.243673000916895,0.022946919524835,-0.0112433344111357,0.00597730247601716
1.88755759381373,0.0637778141807083,0.369129405558956,-0.176980364996217,-0.370455079065109,0.509406461153752
1.31430403754326,1.88579626521497,0.313714402409245,-0.331179009493835,-0.497135865956998,-0.0322782840533959
1.20642806326501,0.839058444887993,1.3099696631903,-0.234776137551847,-0.0249371584700263,0.780965761384763
3.11462025187257,2.7011139787243,0.542604088862414,0.133426577883632,-0.1437789327955,-0.746479876491569
2.61463881078775,0.508312174639148,0.436923873756257,-0.149780546192225,-0.503607856328861,-0.207634765382076
2.06618873247088,0.196338729448727,-0.0105864147870642,-0.106922223664658,-0.475737799153836,-0.499701069731471
1.08896017762933,4.66614555886773,-0.267004177937306,0.0441556964998859,0.137610950336586,0.118697381125896
4.29276808560415,4.85795941432109,-0.203149288486387,0.108936557588554,0.131844079898734,-0.564619670665813
4.30504126649817,1.80464010023794,0.134423304856583,-0.0579822793051151,-0.129989748961226,-0.919239695586684
1.41969505782415,3.22102701883373,0.314552409683383,-0.0820917208846269,0.277797978357047,-0.253923955917459
3.07696424472562,0.339736510468411,-0.179238158608706,-0.22106313410878,-0.210013581448117,-0.96133454226059
3.89744750921987,1.03955998207816,0.412293766916437,0.0115723261197612,8.41789306854773,-0.504777297742606
4.77423655709712,0.198019233878678,-0.352168457434851,-0.42211467790823,0.543903516115824,-0.337338146524761
4.5980162311313,2.34679656611926,-0.263977053003045,-0.273052816026252,-0.331150198631292,-0.862784141995341
1.92407851776761,0.750483613313167,-0.160190045347921,0.0375878927829214,-1.0671274436946,0.209756636244405
0.813215082031372,4.95653460592095,-0.330972196937272,0.0256037961662652,-0.729954591274131,0.0852670992995984
3.98375709887859,2.13531173879848,0.192050161623966,-0.288998881560016,0.0980563090688812,-0.352079110529881
0.569085898170663,4.77686051485511,-0.169188936852777,0.0464168878488353,-0.221121791348549,-0.751966991217493
0.794121493377097,3.62123516760042,0.529393674243295,0.179360808655715,1.18795148350561,-0.200064295828237
1.77914058126214,2.90445856181887,-0.095433025542154,-0.257666502493109,-0.781935335321205,-0.140342881013762
4.23879282197863,2.7012895371039,0.5288436233013,-0.093604748739773,-0.202308998249052,-1.0822034361604
2.91390598494494,3.5272059578204,-0.929487966388137,0.184011846235245,-0.0899051903295892,0.64532436337889
2.93088832620026,0.0251444165056053,0.0278000880420872,-0.163062787568112,-0.726052844956669,0.145866502477897
4.62918994474918,3.91257889418121,-0.0112068501541183,-0.300498084867614,0.401005216759759,-0.665272757013978
2.87539133853769,4.63429786692754,0.551169078834644,-0.0500555463556714,0.237358623158761,0.962794602110804
0.0498869748010344,0.0414782869631986,0.0176519185751478,-0.173487973288892,0.615367970172904,-0.147360997630844
4.04688642908934,4.12314171333197,0.497537924854576,-0.139093227677321,0.21431618410945,5.41453120901519
3.04404179795579,3.8366793401394,0.538279374501973,-0.00975038928580702,-1.79455257721324,-0.414107612141533
2.39956840188112,4.98568447674343,-0.317510199888915,-0.081958449642579,-0.575627697976444,0.0842281419146181
1.34220079145534,1.13826536029109,0.0298055751714071,-0.142322909653039,0.0402579697895741,-0.777341441691656
1.2904819199795,4.59771103097232,0.186627291338482,-0.172508515349622,-0.504192936664249,-0.294063428615005
2.40504767964504,3.2099965276089,-0.377261821081283,-0.204373426157869,0.0253446475616767,-0.0913870733440191
1.13670741988564,0.526600914879576,0.14530065593215,-0.247734910022144,-0.14147655774055,-0.279213529029798
0.243011491209461,1.34080456855841,-0.197719672680383,-0.178264442397845,-0.374803151550449,0.0301925661614262
0.846209072711297,3.81921882269792,-0.0670376592329989,0.811774315489349,-0.084756082986835,-0.414654928322553
1.29223153875315,4.0275507778777,0.100054186292738,0.361487820635417,0.126706783904134,-0.183344436152157
0.989550287780806,0.521264988009587,0.464704276646228,-0.170896752192518,0.430834950539995,0.0237999020352943
3.0284653209151,2.34879388146422,-0.0525334101519338,-0.100565866182561,-0.509954982705208,-1.13964273652676
4.1185182268996,1.09530945445587,-0.424829855275716,-0.0432308779071483,3.96797718622012,-1.00670773873213
4.05307481335802,4.61353953271362,-0.39548065971678,-0.0364154521738773,-0.45622478094425,-0.308865440833318
4.01118508014967,1.60161316008074,-0.00351040337173394,-0.0309042927525305,0.574201632875593,-0.0164796213406757
3.54056688203373,4.28771904390391,-0.849012792074983,0.0974122185736762,0.632746895635194,0.384285233831092
4.29688927151514,1.29923333827561,-0.503046840499342,-0.138714646840786,0.944335872227399,-0.420193337382091
3.90542259000691,4.39031471353309,-0.639379056393768,-0.0231065308580075,0.522549147665096,1.24977695284077
1.01898425523672,0.941338084146153,19.4801724495788,-0.181236516079569,0.00755850318496658,0.488668146097868
4.96671624965459,3.79596918674909,0.0570946195988734,-0.383832954020794,-0.49092315883944,-0.0498877208614357
0.468122641099251,0.158446500561035,0.766277975424689,-0.175156389582248,0.207685693043771,1.5666257996927
3.25309271953863,3.21169578541482,-0.105053377029905,0.151165918857553,0.715170019872674,-0.166360223016185
1.07588263058682,2.83435456380323,-0.451031142386595,-0.115643697546157,0.125860022014474,0.420123102584609
1.2193655107116,1.88204772725033,-0.173675156349099,0.0887471179935857,0.330279119742355,-0.0975302165267364
1.69843902537351,1.06274189719934,0.200078046394642,0.0165999144485369,-0.834476131216265,-0.917059782371729
0.989311702527082,3.96078419766295,0.245107151781631,21.5498612318063,0.153790329810473,0.862988473429356
2.53416688317943,0.727217400623056,-0.235627598957795,0.22788927670455,-0.148020030009333,-0.590556084771227
4.75378991372945,2.44571225195328,-0.107852773893289,0.0588092161556595,0.178304464712878,-0.0029705485260672
1.97303609151726,0.0642287343688136,0.331695284922166,0.0635782872773906,0.503492554697929,0.876380118456037
2.92232420159053,0.933060124060976,-0.0141813700975782,-0.229644539970286,-0.334412723722721,0.251715838470886
3.03268622976145,2.42615228474885,-0.0717927220182603,-0.184525524630941,0.625627830711262,0.138619017195226
3.57321433543956,4.19113038350148,-0.219094566171687,0.0253507761141375,-0.559775347655171,0.343466175749282
2.00768176894657,0.705284842997301,-0.1734310539967,0.112563306593209,-0.07711636367834,0.0528215462047207
4.29345510968988,3.66108493705875,0.252701644870997,-0.0858388175782647,0.0377537649168941,1.37646770751631
4.60242491080693,3.45533457991713,-0.287743630808033,0.19528595643764,0.399726998371161,-0.143562149058958
3.75419444746563,0.172463098923163,-0.117872278849872,-0.104038367264923,-0.135269165475547,-0.176662021075626
1.42795852597446,2.4442863180423,-0.429120522833439,0.0452724144733166,-0.554719464209706,-0.28774915005138
3.98407893944027,4.85695205078254,0.0973360434152873,-0.0806177611022851,0.556297812901529,-0.127131817449422
0.713829150647723,0.56225689675349,0.239853739531566,0.0954626377442636,0.0589841394609959,-0.155407120879208
2.52275095304136,3.71606887100409,0.0467227471380879,-0.12280866773178,-1.0194478127763,0.278295989327333
3.05343975740951,3.1927068566971,-0.112043413485458,-0.0826845980740635,0.0471775352341168,0.0359872037495469
3.51898367675765,2.97091456484972,-0.356010197297412,-0.324537707481044,-0.903505535156219,-0.366832023753303
1.91669965509925,2.49311256368125,-0.116114642044127,-0.0247131182351599,0.26781397475352,0.754427412210531
3.64341718293997,2.83926329643894,-0.540280002124908,-0.066104980879691,0.565305246636667,-0.429608750291387
4.43642340013944,2.13252125668177,-0.220237340924426,0.0029863914230353,-0.138831907042692,-0.208046484361356
